Rank,Player,Team,Pos,Bye,Best,Worst,Avg,Std Dev,ADP,vs. ADP
1,David Johnson,ARI,RB1,8,1,3,1.2,0.5,1,0
2,Le'Veon Bell,PIT,RB2,9,1,4,1.8,0.5,2,0
3,Antonio Brown,PIT,WR1,9,1,4,3,0.4,3,0
4,Julio Jones,ATL,WR2,5,3,14,5.5,2,4,0
5,Odell Beckham Jr.,NYG,WR3,8,4,10,5.7,1.1,5,0
6,LeSean McCoy,BUF,RB3,6,3,30,7,3.8,6,0
7,A.J. Green,CIN,WR4,6,5,17,8.5,2.6,8,1
8,Mike Evans,TB,WR5,11,4,16,8.8,2.6,7,-1
9,Melvin Gordon,LAC,RB4,9,4,19,9.3,3.2,10,1
10,Devonta Freeman,ATL,RB5,5,4,27,9.6,3.4,9,-1
11,Jordy Nelson,GB,WR6,8,5,22,10.9,3.4,11,0
12,DeMarco Murray,TEN,RB6,8,8,48,14.1,5.3,13,1
13,Jay Ajayi,MIA,RB7,11,4,39,14.8,5.8,15,2
14,Michael Thomas,NO,WR7,5,6,19,13,2.7,12,-2
15,Jordan Howard,CHI,RB8,9,8,39,15.6,5.8,14,-1
16,Doug Baldwin,SEA,WR8,6,12,41,19.3,4.2,22,6
17,Dez Bryant,DAL,WR9,6,10,36,19.3,5.2,17,0
18,Amari Cooper,OAK,WR10,10,10,45,19.7,4.6,19,1
19,Todd Gurley,LAR,RB9,8,9,53,21,6.9,18,-1
20,T.Y. Hilton,IND,WR11,11,11,43,21.7,6.5,21,1
21,Brandin Cooks,NE,WR12,9,12,71,22.1,9.2,24,3
22,Rob Gronkowski,NE,TE1,9,13,88,23.2,10.3,20,-2
23,Demaryius Thomas,DEN,WR13,5,15,48,25.1,6,29,6
24,DeAndre Hopkins,HOU,WR14,7,16,47,26.3,6.6,27,3
25,Keenan Allen,LAC,WR15,9,13,72,31.3,9.9,32,7
26,Isaiah Crowell,CLE,RB10,9,15,61,31.3,9.1,33,7
27,Leonard Fournette,JAC,RB11,8,12,81,32.8,12.4,25,-2
28,Ezekiel Elliott,DAL,RB12,6,4,121,34,16.1,16,-12
29,Travis Kelce,KC,TE2,10,21,57,34.8,6.8,34,5
30,Lamar Miller,HOU,RB13,7,11,107,35.1,14.3,28,-2
31,Terrelle Pryor,WAS,WR16,5,19,80,36.4,13.3,31,0
32,Alshon Jeffery,PHI,WR17,10,18,75,36.9,10.3,37,5
33,Larry Fitzgerald,ARI,WR18,8,8,98,38.8,13.3,47,14
34,Michael Crabtree,OAK,WR19,10,24,72,39.1,9.8,39,5
35,Allen Robinson,JAC,WR20,8,20,71,39.1,11,45,10
36,Golden Tate,DET,WR21,7,20,95,39.3,12.9,46,10
37,Christian McCaffrey,CAR,RB14,11,15,100,40,15.7,26,-11
38,Dalvin Cook,MIN,RB15,9,11,108,40.4,16.9,35,-3
39,Aaron Rodgers,GB,QB1,8,31,200,38.5,18.6,23,-16
40,Davante Adams,GB,WR22,8,16,86,42.1,14,38,-2
41,Ty Montgomery,GB,RB16,8,15,155,43.5,18.9,41,0
42,Tom Brady,NE,QB2,9,32,59,40.7,5.5,30,-12
43,Marshawn Lynch,OAK,RB17,10,24,99,45,15.2,36,-7
44,Carlos Hyde,SF,RB18,11,17,129,45.3,14.3,44,0
45,Jarvis Landry,MIA,WR23,11,14,99,47.4,16.4,43,-2
46,Greg Olsen,CAR,TE3,11,26,66,48,6.3,48,2
47,Kareem Hunt,KC,RB19,10,1,129,48.1,26.7,68,21
48,Drew Brees,NO,QB3,5,35,68,47.2,6.2,42,-6
49,Jordan Reed,WAS,TE4,5,30,109,51.9,13.2,50,1
50,Stefon Diggs,MIN,WR24,9,20,83,53,15.4,55,5
51,Mark Ingram,NO,RB20,5,12,96,53.7,13.8,54,3
52,Joe Mixon,CIN,RB21,6,22,151,54.5,19.4,40,-12
53,Emmanuel Sanders,DEN,WR25,5,32,107,54.9,14.3,58,5
54,Bilal Powell,NYJ,RB22,11,17,106,55.2,13.8,59,5
55,Tyreek Hill,KC,WR26,10,9,138,55.6,16.5,49,-6
56,Sammy Watkins,LAR,WR27,8,24,107,55.8,17.8,52,-4
57,Danny Woodhead,BAL,RB23,10,12,165,56.8,20.3,61,4
58,Jamison Crowder,WAS,WR28,5,28,106,57.2,15.4,62,4
59,C.J. Anderson,DEN,RB24,5,23,126,59.4,16.3,60,1
60,Jimmy Graham,SEA,TE5,6,39,103,60.8,12.7,57,-3
61,Martavis Bryant,PIT,WR29,9,33,126,64,17.6,51,-10
62,Kelvin Benjamin,CAR,WR30,11,25,119,65.9,16,53,-9
63,Russell Wilson,SEA,QB4,6,37,99,62.8,11.4,64,1
64,Ameer Abdullah,DET,RB25,7,34,157,66.5,18.1,63,-1
65,Willie Snead,NO,WR31,5,40,105,68,13.4,65,0
66,Matt Ryan,ATL,QB5,5,37,127,64.8,14.2,56,-10
67,Pierre Garcon,SF,WR32,11,24,153,68.8,19.5,71,4
68,Tevin Coleman,ATL,RB26,5,27,102,68.9,14.1,67,-1
69,Brandon Marshall,NYG,WR33,8,31,137,73.5,17.2,66,-3
70,Kyle Rudolph,MIN,TE6,9,34,127,74.4,15.4,69,-1
71,Tyler Eifert,CIN,TE7,6,33,131,76.6,17.1,75,4
72,Frank Gore,IND,RB27,11,26,140,77.8,18.4,76,4
73,Jeremy Maclin,BAL,WR34,10,38,128,76.5,16.2,88,15
74,Theo Riddick,DET,RB28,7,41,207,80.2,22.2,79,5
75,Kirk Cousins,WAS,QB6,5,50,149,77.8,17,82,7
76,Devante Parker,MIA,WR35,11,49,132,81.1,16.9,70,-6
77,Zach Ertz,PHI,TE8,10,25,128,83.2,17.3,81,4
78,Andrew Luck,IND,QB7,11,37,153,80.5,23.3,83,5
79,Mike Gillislee,NE,RB29,9,42,149,84.9,20.4,72,-7
80,Delanie Walker,TEN,TE9,8,16,121,86.1,15.9,74,-6
81,Donte Moncrief,IND,WR36,11,36,135,86.5,19.9,85,4
82,Marcus Mariota,TEN,QB8,8,54,163,82.7,18.9,86,4
83,DeSean Jackson,TB,WR37,11,59,145,87,13.6,87,4
84,Doug Martin,TB,RB30,11,43,158,89.9,24.6,77,-7
85,Jameis Winston,TB,QB9,11,54,149,87.2,18,78,-7
86,Duke Johnson,CLE,RB31,9,33,218,89.3,23.2,96,10
87,Cam Newton,CAR,QB10,11,54,135,86.5,17.5,91,4
88,Adrian Peterson,NO,RB32,5,44,178,92.5,23.4,73,-15
89,Eric Decker,TEN,WR38,8,47,133,91.6,16.2,92,3
90,Tyrell Williams,LAC,WR39,9,36,142,91.9,20.5,98,8
91,Paul Perkins,NYG,RB33,8,40,236,94.3,27.4,80,-11
92,Terrance West,BAL,RB34,10,37,232,94.1,26.8,99,7
93,Kenny Britt,CLE,WR40,9,44,242,98.9,23.5,104,11
94,Randall Cobb,GB,WR41,8,63,169,97.4,18.5,94,0
95,Martellus Bennett,GB,TE10,8,46,141,98.9,16,90,-5
96,Derek Carr,OAK,QB11,10,58,148,98.7,19.2,84,-12
97,Jordan Matthews,BUF,WR42,6,40,170,100.5,21.7,112,15
98,Adam Thielen,MIN,WR43,9,70,156,101.2,16.1,101,3
99,Ben Roethlisberger,PIT,QB12,9,54,154,99.2,21.8,102,3
100,Eric Ebron,DET,TE11,7,63,152,104.8,18.9,115,15
101,James White,NE,RB35,9,60,180,105,23.8,107,6
102,Mike Wallace,BAL,WR44,10,55,212,105.4,22.7,110,8
103,Dak Prescott,DAL,QB13,6,63,151,104.4,17.3,105,2
104,Robert Kelley,WAS,RB36,5,39,165,107.2,27.5,97,-7
105,Philip Rivers,LAC,QB14,9,58,173,106.7,20.3,116,11
106,Corey Coleman,CLE,WR45,9,78,166,108.7,17.3,106,0
107,Matthew Stafford,DET,QB15,7,58,159,108.7,19.8,109,2
108,Hunter Henry,LAC,TE12,9,66,162,113.2,17.4,100,-8
109,C.J. Prosise,SEA,RB37,6,56,221,110.5,26.7,118,9
110,Derrick Henry,TEN,RB38,8,75,165,112.8,22,89,-21
111,Eddie Lacy,SEA,RB39,6,50,213,113,33,93,-18
112,Matt Forte,NYJ,RB40,11,46,199,112.1,23.8,114,2
113,Darren Sproles,PHI,RB41,10,53,246,114,37.3,120,7
114,Jack Doyle,IND,TE13,11,62,248,116.6,23.1,122,8
115,LeGarrette Blount,PHI,RB42,10,56,216,116.7,29,95,-20
116,John Brown,ARI,WR46,8,69,195,115.6,26.1,123,7
117,Rishard Matthews,TEN,WR47,8,67,202,115.7,24.8,119,2
118,Jonathan Stewart,CAR,RB43,11,42,208,121.4,25.3,117,-1
119,Marvin Jones,DET,WR48,7,63,222,120.7,23.5,111,-8
120,Andy Dalton,CIN,QB16,6,79,179,120.7,18.7,131,11
121,Darren McFadden,DAL,RB44,6,56,282,125.8,47.2,103,-18
122,Corey Davis,TEN,WR49,8,36,270,128.5,37.3,108,-14
123,Jason Witten,DAL,TE14,6,76,200,127.8,21,138,15
124,Eli Manning,NYG,QB17,8,79,196,130,21.4,128,4
125,Kevin White,CHI,WR50,9,70,260,132.6,35.3,164,39
126,Thomas Rawls,SEA,RB45,6,81,211,134.1,28.7,113,-13
127,Coby Fleener,NO,TE15,5,87,205,134.4,23.8,155,28
128,Tyrod Taylor,BUF,QB18,6,62,189,133.8,26.2,156,28
129,Chris Hogan,NE,WR51,9,28,264,139.9,52.2,144,15
130,Zay Jones,BUF,WR52,6,79,274,137.3,37,125,-5
131,Ted Ginn,NO,WR53,5,97,262,138.9,33.7,139,8
132,Giovani Bernard,CIN,RB46,6,65,249,135.6,34.2,141,9
133,Sterling Shepard,NYG,WR54,8,91,224,139.8,26.1,136,3
134,Jacquizz Rodgers,TB,RB47,11,61,235,143.2,39.2,124,-10
135,Carson Palmer,ARI,QB19,8,109,193,142.7,17.9,149,14
136,Austin Hooper,ATL,TE16,5,66,244,143.5,25.1,147,11
137,Carson Wentz,PHI,QB20,10,99,194,144.5,19.5,134,-3
138,Samaje Perine,WAS,RB48,5,52,257,143.6,37.3,127,-11
139,Denver Broncos,,DST1,5,117,240,143.4,21.3,121,-18
140,Cole Beasley,DAL,WR55,6,39,259,148,37.5,143,3
141,C.J. Fiedorowicz,HOU,TE17,7,75,249,146.8,31.6,193,52
142,Rex Burkhead,NE,RB49,9,72,245,146.7,42,146,4
143,Robby Anderson,NYJ,WR56,11,95,261,145.2,36.1,157,14
144,Chris Thompson,WAS,RB50,5,85,259,149.8,34.6,189,45
145,Cameron Brate,TB,TE18,11,91,250,149.1,26.6,169,24
146,Seattle Seahawks,,DST2,6,117,217,146.7,18.1,126,-20
147,Houston Texans,,DST3,7,114,214,147.4,16.9,130,-17
148,Josh Doctson,WAS,WR57,5,97,223,149.8,29.2,153,5
149,Shane Vereen,NYG,RB51,8,54,272,154.1,41.1,173,24
150,Julius Thomas,MIA,TE19,11,105,249,154.4,27.1,161,11
151,Jeremy Hill,CIN,RB52,6,64,249,153.9,35.4,150,-1
152,Tyler Lockett,SEA,WR58,6,110,247,154.8,28.7,162,10
153,Kansas City Chiefs,,DST4,10,121,220,152.4,17.3,132,-21
154,Latavius Murray,MIN,RB53,9,82,263,157.9,42.6,152,-2
155,Jamaal Williams,GB,RB54,8,73,227,155.3,35.5,137,-18
156,Jamaal Charles,DEN,RB55,5,93,255,159.1,37.5,140,-16
157,Alvin Kamara,NO,RB56,5,93,227,156,28.3,165,8
158,Marqise Lee,JAC,WR59,8,108,233,160.8,26.9,196,38
159,Antonio Gates,LAC,TE20,9,108,206,159.9,21.9,184,25
160,Kenny Stills,MIA,WR60,11,76,251,165.3,31.1,182,22
161,Minnesota Vikings,,DST5,9,125,215,161.2,18,142,-19
162,Cooper Kupp,LAR,WR61,8,76,272,164.9,42.3,151,-11
163,Arizona Cardinals,,DST6,8,128,241,163.7,21.1,148,-15
164,Breshad Perriman,BAL,WR62,10,112,271,170.1,35.2,194,30
165,Kenny Golladay,DET,WR63,7,87,274,170.3,45,163,-2
166,Robert Woods,LAR,WR64,8,83,277,173.8,43.1,228,62
167,DeAndre Washington,OAK,RB57,10,95,266,176.1,40.4,190,23
168,Joe Flacco,BAL,QB21,10,119,225,169.4,20.4,210,42
169,New England Patriots,,DST7,9,128,219,169.7,19,145,-24
170,Stephen Gostkowski,NE,K1,9,116,248,170.8,16.5,133,-37
171,Justin Tucker,BAL,K2,10,111,246,172.3,20.2,135,-36
172,Charles Sims,TB,RB58,11,94,261,176.7,36.7,255,83
173,Blake Bortles,JAC,QB22,8,121,237,173.4,31.6,211,38
174,Jared Cook,OAK,TE21,10,84,277,179.1,36.8,192,18
175,O.J. Howard,TB,TE22,11,102,249,175.5,31.6,129,-46
176,Dion Lewis,NE,RB59,9,90,276,180.5,37.7,205,29
177,Sam Bradford,MIN,QB23,9,125,237,171.5,22.5,185,8
178,Marlon Mack,IND,RB60,11,95,321,180.2,41.2,180,2
179,Evan Engram,NYG,TE23,8,117,261,178.4,30.7,158,-21
180,Mohamed Sanu,ATL,WR65,5,67,274,182.5,34.9,176,-4
181,Jay Cutler,MIA,QB24,11,131,261,174.7,26.6,175,-6
182,Charles Clay,BUF,TE24,6,112,255,182.7,33.7,249,67
183,John Ross,CIN,WR66,6,86,275,187,39.4,160,-23
184,Taylor Gabriel,ATL,WR67,5,113,260,184.6,34,172,-12
185,J.J. Nelson,ARI,WR68,8,100,260,186.7,35.7,206,21
186,Matt Bryant,ATL,K3,5,115,245,179.4,21.8,154,-32
187,Jonathan Williams,BUF,RB61,6,105,280,188.9,40.9,166,-21
188,David Njoku,CLE,TE25,9,109,274,183.3,32.3,208,20
189,Dan Bailey,DAL,K4,6,135,247,180.4,17.5,159,-30
190,Carolina Panthers,,DST8,11,134,229,181,19.8,170,-20
191,Devin Funchess,CAR,WR69,11,104,265,189.4,38.8,222,31
192,D'Onta Foreman,HOU,RB62,7,99,270,191.4,39.4,186,-6
193,New York Giants,,DST9,8,137,255,180,21,168,-25
194,Joe Williams,SF,RB63,11,106,284,188.3,44.6,171,-23
195,Allen Hurns,JAC,WR70,8,104,260,188.1,34.7,201,6
196,Alex Smith,KC,QB25,10,130,249,183.7,24.7,227,31
197,Kendall Wright,CHI,WR71,9,91,281,192.4,46.5,343,146
198,Nelson Agholor,PHI,WR72,10,105,262,187.3,34.6,246,48
199,Mason Crosby,GB,K5,8,139,252,186.1,18.5,174,-25
200,Jalen Richard,OAK,RB64,10,113,267,192.3,33.1,203,3
201,Wendell Smallwood,PHI,RB65,10,117,283,204.1,48.1,198,-3
202,T.J. Yeldon,JAC,RB66,8,128,278,193.8,39.3,212,10
203,Torrey Smith,PHI,WR73,10,111,271,204.9,42.4,225,22
204,Tavon Austin,LAR,WR74,8,102,281,197.5,39.5,224,20
205,Zach Miller,CHI,TE26,9,99,267,199.9,40.5,298,93
206,Chris Conley,KC,WR75,10,113,278,197.4,35.3,239,33
207,Malcolm Mitchell,NE,WR76,9,102,267,196.2,34.1,214,7
208,Austin Seferian-Jenkins,NYJ,TE27,11,115,264,198.9,38.2,247,39
209,Robert Turbin,IND,RB67,11,83,287,200,41,271,62
210,Adam Vinatieri,IND,K6,11,136,251,193.6,21.8,167,-43
211,Jacksonville Jaguars,,DST10,8,140,253,193.6,24,181,-30
212,Mike Williams,LAC,WR77,9,98,279,203.6,46.6,248,36
213,Los Angeles Rams,,DST11,8,141,241,192.4,21.2,183,-30
214,Danny Amendola,NE,WR78,9,96,262,187.9,38.2,197,-17
215,Jesse James,PIT,TE28,9,137,254,198.9,29.5,218,3
216,Charcandrick West,KC,RB68,10,121,287,201,43.6,291,75
217,Jerick McKinnon,MIN,RB69,9,99,281,208.7,39.9,278,61
218,Will Fuller,HOU,WR79,7,110,265,203.9,37.6,251,33
219,Tim Hightower,SF,RB70,11,127,283,215.6,42.6,275,56
220,Chris Carson,SEA,RB71,6,112,276,197.3,52.9,261,41
221,Paul Richardson,SEA,WR80,6,126,279,215.7,39.6,274,53
222,Brian Hoyer,SF,QB26,11,135,256,201,25,250,28
223,Benjamin Watson,BAL,TE29,10,129,269,212.2,39.7,270,47
224,Dwayne Allen,NE,TE30,9,141,292,215.9,38.1,252,28
225,Devontae Booker,DEN,RB72,5,134,282,217.6,38.6,233,8
226,Matt Prater,DET,K7,7,147,267,208.1,27,178,-48
227,Cincinnati Bengals,,DST12,6,146,258,207.9,27.3,236,9
228,Baltimore Ravens,,DST13,10,138,257,200.4,21,202,-26
229,Tyler Boyd,CIN,WR81,6,139,280,212.8,32.4,284,55
230,Philadelphia Eagles,,DST14,10,144,260,207.1,25.5,213,-17
231,Pittsburgh Steelers,,DST15,9,122,266,202.3,23.3,177,-54
232,De'Angelo Henderson,DEN,RB73,5,133,398,208.3,60.4,220,-12
233,Cairo Santos,KC,K8,10,146,267,208.7,24,191,-42
234,Braxton Miller,HOU,WR82,7,112,280,214.1,42.1,279,45
235,Dustin Hopkins,WAS,K9,5,152,267,221.5,32.1,217,-18
236,Steven Hauschka,BUF,K10,6,143,264,209.1,26.6,209,-27
237,Jeremy Kerley,SF,WR83,11,60,279,217.7,41.5,321,84
238,James Conner,PIT,RB74,9,126,284,231.2,40.5,204,-34
239,Deshaun Watson,HOU,QB27,7,147,277,215.7,31.7,179,-60
240,Trevor Siemian,DEN,QB28,5,144,253,211.2,25.5,280,40
241,Jaron Brown,ARI,WR84,8,117,282,211.2,42.8,267,26
242,Kyle Juszczyk,SF,RB75,11,113,289,219.1,49.7,257,15
243,Eli Rogers,PIT,WR85,9,128,280,227,37.1,335,92
244,ArDarius Stewart,NYJ,WR86,11,163,281,217.4,31.9,207,-37
245,Curtis Samuel,CAR,WR87,11,134,268,223.4,31.5,229,-16
246,Brandon LaFell,CIN,WR88,6,113,275,218.4,34.1,199,-47
247,Chris Boswell,PIT,K11,9,150,263,225.1,27,241,-6
248,Los Angeles Chargers,,DST16,9,145,265,220.5,30.4,223,-25
249,Will Lutz,NO,K12,5,150,264,217.5,25.6,188,-61
250,Vance McDonald,SF,TE31,11,143,295,231.2,37.5,337,87
251,Tyler Higbee,LAR,TE32,8,149,255,220.8,29.8,242,-9
252,Sebastian Janikowski,OAK,K13,10,148,270,216.7,22.2,187,-65
253,Tarik Cohen,CHI,RB76,9,128,303,226.2,45.3,266,13
254,Marquise Goodwin,SF,WR89,11,132,280,230.4,37.5,300,46
255,Terrance Williams,DAL,WR90,6,142,280,228.3,34.9,317,62
256,Jermaine Gresham,ARI,TE33,8,146,270,231.1,34.8,301,45
257,Laquon Treadwell,MIN,WR91,9,147,289,232,35.3,265,8
258,Jared Goff,LAR,QB29,8,142,260,219.1,23.3,288,30
259,Chris Ivory,JAC,RB77,8,162,282,236,33,234,-25
260,Atlanta Falcons,,DST17,5,130,260,225.8,31.7,195,-65
261,Graham Gano,CAR,K14,11,151,271,225.7,23.8,253,-8
262,Tampa Bay Buccaneers,,DST18,11,160,260,223.6,26.6,269,7
263,Buffalo Bills,,DST19,6,131,266,233,30.5,240,-23
264,Oakland Raiders,,DST20,10,145,269,219.3,23.2,289,25
265,Jeremy McNichols,TB,RB78,11,144,282,228.9,34.2,237,-28
266,Travis Benjamin,LAC,WR92,9,165,282,237.7,30.7,297,31
267,Brandon McManus,DEN,K15,5,149,278,221.4,22.4,238,-29
268,Ryan Mathews,FA,RB79,,159,277,229,33.7,285,17
269,Orleans Darkwa,NYG,RB80,8,139,285,239.7,45.7,331,62
270,DeShone Kizer,CLE,QB30,9,143,261,223.6,26.4,306,36
271,Aaron Jones,GB,RB81,8,151,394,250.1,56.1,259,-12
272,Tennessee Titans,,DST21,8,166,266,221.8,31.5,235,-37
273,Michael Floyd,MIN,WR93,9,146,282,236.2,35.8,338,65
274,JuJu Smith-Schuster,PIT,WR94,9,157,346,243,42.1,264,-10
275,Dion Sims,CHI,TE34,9,169,293,228.3,42.7,373,98
276,Tom Savage,HOU,QB31,7,146,261,238,31,307,31
277,Erik Swoope,IND,TE35,11,170,296,242,31.4,286,9
278,Green Bay Packers,,DST22,8,171,283,220,20.5,282,4
279,Zach Zenner,DET,RB82,7,170,283,240.4,30.1,219,-60
280,Alfred Morris,DAL,RB83,6,167,283,233.1,34.5,277,-3
281,Seth Roberts,OAK,WR95,10,166,274,228.8,35.3,341,60
282,Mike Glennon,CHI,QB32,9,145,261,230.8,22.8,311,29
283,Gerald Everett,LAR,TE36,8,178,272,223.8,30,327,44
284,Mitch Trubisky,CHI,QB33,9,156,263,226.9,36.1,260,-24
285,Maxx Williams,BAL,TE37,10,162,331,233.9,47.1,381,96
286,Miami Dolphins,,DST23,11,165,273,239.4,23.3,304,18
287,Elijah Hood,OAK,RB84,10,130,280,249.4,47,,
288,Chandler Catanzaro,NYJ,K16,11,185,274,219,29.1,293,5
289,Mychal Rivera,JAC,TE38,8,132,274,223.8,51.4,,
290,Indianapolis Colts,,DST24,11,134,264,213.7,57,318,28
291,Adam Humphries,TB,WR96,11,134,273,224.5,46.3,344,53
292,Will Tye,NYG,TE39,8,136,275,238.7,41,,
293,Javorius Allen,BAL,RB85,10,143,294,256.1,35.8,339,46
294,Wayne Gallman,NYG,RB86,8,172,311,253.8,33.7,330,36
295,Victor Cruz,CHI,WR97,9,142,277,240.9,40.4,336,41
296,Vernon Davis,WAS,TE40,5,180,293,243.4,25.6,325,29
297,Taywan Taylor,TEN,WR98,8,161,393,254.1,46.1,,
298,Blair Walsh,SEA,K17,6,179,267,237.6,24.8,232,-66
299,Caleb Sturgis,PHI,K18,10,170,266,229.7,23,244,-55
300,Markus Wheaton,CHI,WR99,9,174,277,235.3,37,368,68
301,Jeremy Langford,CHI,RB87,9,167,290,253.7,32.8,273,-28
302,Roberto Aguayo,CHI,K19,9,156,247,220.8,33.2,334,32
303,Nick Novak,HOU,K20,7,176,265,225.4,27.9,314,11
304,Mike Nugent,NYG,K21,8,157,266,232.6,31.6,,
305,Charone Peake,NYJ,WR100,11,181,283,235.2,30.1,378,73
306,Jermaine Kearse,SEA,WR101,6,161,281,237.5,35.3,305,-1
307,Jaelen Strong,HOU,WR102,7,177,324,241.3,41.5,375,68
308,Gary Barnidge,FA,TE41,,163,257,224.6,32.5,,
309,A.J. Derby,DEN,TE42,5,168,271,233.8,25.5,,
310,Jimmy Garoppolo,NE,QB34,9,165,256,221.3,35.8,303,-7
311,Josh McCown,NYJ,QB35,11,183,275,240.7,20.1,262,-49
312,New York Jets,,DST25,11,191,279,219.5,28.6,283,-29
313,Chicago Bears,,DST26,9,176,260,219.8,29.9,315,2
314,Kenyan Drake,MIA,RB88,11,172,279,242.5,26.6,215,-99
315,Nick Folk,TB,K22,11,173,262,230.8,34.4,,
316,Josh Lambo,LAC,K23,9,185,267,238,18.5,308,-8
317,Brandon Coleman,NO,WR103,5,177,281,246.3,30.2,254,-63
318,Washington Redskins,,DST27,5,179,258,225.3,27.1,312,-6
319,Jonnu Smith,TEN,TE43,8,180,256,218,38,,
320,Phil Dawson,ARI,K24,8,180,261,232.9,23.2,302,-18
321,Chris Johnson,ARI,RB89,8,181,281,238.3,42.1,272,-49
322,Dede Westbrook,JAC,WR104,8,183,274,228.1,25.7,342,20
323,Chad Williams,ARI,WR105,8,183,277,236,31,,
324,Ladarius Green,FA,TE44,,184,269,245.3,27.5,294,-30
325,Jordan Leggett,NYJ,TE45,11,185,274,236.4,29.9,,
326,Mack Hollins,PHI,WR106,10,186,347,266.5,80.5,365,39
327,Trey Burton,PHI,TE46,10,187,248,217.5,30.5,,
328,Alfred Blue,HOU,RB90,7,187,282,245.6,42,366,38
329,Tajae Sharpe,TEN,WR107,8,188,383,253.6,40.3,281,-48
330,Andre Ellington,ARI,RB91,8,188,320,258.1,29.2,,
331,Kasen Williams,SEA,WR108,6,189,406,282.7,91,299,-32
332,Virgil Green,DEN,TE47,5,190,269,229.5,39.5,,
333,Seth DeValve,CLE,TE48,9,190,266,236.9,26.7,369,36
334,Chris Godwin,TB,WR109,11,191,339,247,40.3,245,-89
335,Lance Dunbar,LAR,RB92,8,192,291,265.2,21.3,,
336,Brock Osweiler,CLE,QB36,9,197,255,216.3,27.3,345,9
337,Nick Boyle,BAL,TE49,10,193,244,224,20,362,25
338,Benny Cunningham,CHI,RB93,9,193,285,265.3,24.8,,
339,Matt Jones,WAS,RB94,5,193,283,267.2,22.5,320,-19
340,Deonte Thompson,CHI,WR110,9,194,272,233,39,361,21
341,Phillip Dorsett,IND,WR111,11,194,281,247.9,26.3,329,-12
342,Paxton Lynch,DEN,QB37,5,196,260,239,25.2,349,7
343,Brian Quick,WAS,WR112,5,196,278,253.3,29.2,,
344,Aldrick Robinson,SF,WR113,11,196,281,259.5,29,,
345,Dallas Cowboys,,DST28,6,199,259,236.8,20.8,310,-35
346,Kenneth Farrow,LAC,RB95,9,197,391,294,97,,
347,Rashard Higgins,CLE,WR114,9,198,240,227.3,17,,
348,Larry Donnell,BAL,TE50,10,199,235,217,18,,
349,Xavier Grimble,PIT,TE51,9,199,265,232,33,,
350,Branden Oliver,LAC,RB96,9,199,290,253.4,23.4,216,-134
351,Albert Wilson,KC,WR115,10,200,282,245.1,25.6,,
352,Carlos Henderson,DEN,WR116,5,201,268,229.2,27.6,226,-126
353,Luke Willson,SEA,TE52,6,213,248,230.5,17.5,,
354,Jalin Marshall,NYJ,WR117,11,233,234,233.5,0.5,,
355,Ryan Switzer,DAL,WR118,6,210,262,236,26,364,9
356,Malcolm Brown,LAR,RB97,8,207,270,237.7,25.7,,
357,Robbie Gould,SF,K25,11,202,276,239,37,359,2
358,Dontrelle Inman,LAC,WR119,9,207,280,239.2,21.7,326,-32
359,Garrett Celek,SF,TE53,11,226,255,240.5,14.5,,
360,Josh Gordon,CLE,WR120,9,219,274,241.3,22.4,276,-84
361,Ryan Succop,TEN,K26,8,219,265,241.7,17.5,324,-37
362,Cody Kessler,CLE,QB38,9,203,260,241.8,17.6,347,-15
363,Detroit Lions,,DST29,7,214,266,242.5,13.6,319,-44
364,Jason Myers,JAC,K27,8,215,271,243,28,,
365,Lance Kendricks,GB,TE54,8,201,266,243.2,25.3,,
366,New Orleans Saints,,DST30,5,231,265,244,12.7,,
367,Clive Walford,OAK,TE55,10,214,264,244.7,21.9,,
368,Josh Hill,NO,TE56,5,217,294,245,31.2,,
369,Andre Holmes,BUF,WR121,6,205,273,247.1,24.8,370,1
370,Ryan Griffin,HOU,TE57,7,206,273,247.9,21.2,,
371,Ronnie Hillman,DAL,RB98,6,237,263,250,13,,
372,Damien Williams,MIA,RB99,11,219,286,250.4,18.8,340,-32
373,Adam Shaheen,CHI,TE58,9,207,269,250.6,20.4,348,-25
374,C.J. Spiller,KC,RB100,10,220,278,251.3,21.7,221,-153
375,Leonte Carroo,MIA,WR122,11,201,325,253.6,43.3,,
376,Kamar Aiken,IND,WR123,11,202,319,253.8,26.2,287,-89
377,Mike Tolbert,BUF,RB101,6,230,279,254.5,24.5,,
378,Dorial Green-Beckham,FA,WR124,,235,281,258,23,354,-24
379,Pharoh Cooper,LAR,WR125,8,218,281,259.7,29.5,,
380,Travaris Cadet,NO,RB102,5,237,283,260,23,,
381,Rico Gathers,DAL,TE59,6,250,270,262.7,9,350,-31
382,George Kittle,SF,TE60,11,223,382,263.2,40,356,-26
383,Dwayne Washington,DET,RB103,7,227,283,263.7,17.1,346,-37
384,Matt Moore,MIA,QB39,11,242,287,264.5,22.5,374,-10
385,Cordarrelle Patterson,OAK,WR126,10,244,280,265,12.3,230,-155
386,Chester Rogers,IND,WR127,11,227,370,265.2,53.1,256,-130
387,Donnel Pumphrey,PHI,RB104,10,224,365,266.3,36.9,258,-129
388,Matt Breida,SF,RB105,11,211,369,268,60.4,,
389,Corey Clement,PHI,RB106,10,268,270,269,1,376,-13
390,DeAngelo Williams,FA,RB107,,238,284,271.7,15.9,316,-74
391,Geronimo Allison,GB,WR128,8,258,282,272.8,9,263,-128
392,Elijah McGuire,NYJ,RB108,11,265,278,273.3,5.9,377,-15
393,C.J. Uzomah,CIN,TE61,6,271,279,275,4,,
394,Rashad Jennings,FA,RB109,,276,279,277.5,1.5,,
395,Wendall Williams,HOU,WR129,7,237,345,283,45.5,,
396,Brian Hill,ATL,RB110,5,258,309,283.5,25.5,,
397,Cameron Artis-Payne,CAR,RB111,11,234,385,292.5,56.1,351,-46
398,Niles Paul,WAS,TE62,5,244,342,293,49,,
399,Kerwynn Williams,ARI,RB112,8,256,374,302.7,51.2,243,-156
400,Sammie Coates,PIT,WR130,9,257,412,306.3,61.7,355,-45
401,Jeff Janis,GB,WR131,8,265,354,309.5,44.5,,
402,Fitzgerald Toussaint,PIT,RB113,9,277,376,310.7,46.2,371,-31
403,Shaun Draughn,NYG,RB114,8,271,361,316,45,352,-51
404,Justin Hunter,PIT,WR132,9,278,384,331,53,,
405,Josh Reynolds,LAR,WR133,8,282,388,335,53,,
406,Matt Asiata,DET,RB115,7,279,392,335.5,56.5,268,-138
